"Latitude";"ACCESS1-0";"CMCC-CESM";"CMCC-CM";"CNRM-CM5";"GFDL-ESM2G";"GFDL-ESM2M";"GISS-E2-R";"IPSL-CM5A-LR";"IPSL-CM5A-MR";"IPSL-CM5B-LR";"MPI-ESM-LR";"MPI-ESM-MR";"MRI-CGCM3";"NorESM1-M";"NorESM1-ME"
-89;0;0;0;0;0;0;0;0;0;0;0;0;0;0;0
-88;0;0;0;0;0;0;0;0;0;0;0;0;0;0;0
-87;0;0;0;0;0;0;0;0;0;0;0;0;0;0;0
-86;0;0;0;0;0;0;0;0;0;0;0;0;0;0;0
-85;0;0;0;0;0;0;0;0;0;0;0;0;0;0;0
-84;0;0;0;0;0;0;0;0;0;0;0;0;0;0;0
-83;0;0;0;0;0;0;0;0;0;0;0;0;0;0;0
-82;0;0;0;0;0;0;0;0;0;0;0;0;0;0;0
-81;0;0;0;0;0;0;0;0;0;0;0;0;0;0;0
-80;0;0;0;0;0;0;0;0;0;0;0;0;0;0;0
-79;0;0;0;0;0;0;0;0;0;0;0;0;0;0;0
-78;0;0;0;0;0;0;0;0;0;0;-0,000993535038062533;0;-0,000143999925838633;-6,35372710570667e-05;-0,000156903539284267
-77;-0,00248103884415627;0,0155342311745621;0,0203890652595541;0;0;-0,00134664375721493;0;0,000510557547440533;0,000537710347921067;0,000695775298561067;-0,00453736322197173;-0,0026828553026036;-0,000145324038380333;-0,000671227080198667;-0,00173217433152853
-76;-0,00535491907127395;0,0283407095477536;0,0199719787832299;-0,00373263778162549;-0,001872563994946;-0,002937938545426;-0,000853040346412078;0,00045554192249535;-0,0001908562475008;-0,000703092322592533;-0,00922837375213084;-0,00538268600170787;-0,000334003216244133;-0,00309995889224747;-0,00413609568997547
-75;-0,0098979285200629;0,0185649073596843;0,0126590644579563;-0,00726422597488931;-0,00420246619731973;-0,00714191727363947;-0,00456687758334256;-0,00136018810245413;-0,00322956223344213;-0,00417538957737653;-0,0155969467588913;-0,0106934496066411;-0,00100881924801253;-0,00615862641619413;-0,00696957310291413
-74;-0,0144451806926175;-0,000457342351534933;-0,0065289898997888;-0,0122085211929429;-0,00883860735280133;-0,0129418065359308;-0,0118150410590649;-0,00473700755591773;-0,00705551191269333;-0,00751683931793707;-0,02512674010172;-0,0198224384686088;-0,00206637410644587;-0,0097001115037888;-0,010805675183284
-73;-0,0237622902456512;0,00665001073066667;-0,0266246561105557;-0,0178038002508429;-0,0162318466690373;-0,0205178603959677;-0,024062603972598;-0,00420497997880153;-0,0011532142777312;-0,0102158991348889;-0,0391048104596977;-0,0304961876379183;-0,00355053445154707;-0,016506071842368;-0,0172490756240977
-72;-0,0363350514083245;0,00927839993719893;-0,0560059670936336;-0,027538342418885;-0,0272816511489637;-0,0315794321707112;-0,0391137950327704;-0,00408454766300533;0,0006055162005692;-0,0166224688643723;-0,0565211771018305;-0,0487447012018228;-0,0065911937955156;-0,0266833425306155;-0,0268003146331664
-71;-0,0472433628920581;-0,00409783648868267;-0,0794564329092949;-0,0358359507099001;-0,033615060217495;-0,0441633385348757;-0,0570035151750867;-0,00882335437683787;-0,00532182576796267;-0,0212456504857472;-0,0770419230745945;-0,0633780260663278;-0,00900109866353013;-0,0299677009339536;-0,0273675765400061
-70;-0,0653569925230607;-0,0549446389710848;-0,12035512446982;-0,045337270930286;-0,0521424106413499;-0,0601081117800981;-0,0733595259012159;-0,0231732088932423;-0,0261984014815893;-0,0383433049989931;-0,101876261489015;-0,0895145558674089;-0,0109502691668477;-0,0424702097775595;-0,0389105236236928
-69;-0,0801246759653899;-0,0737345552738944;-0,12681534655781;-0,0550990102083014;-0,0639301792349547;-0,0848619975383747;-0,0954091694720744;-0,0283468039561796;-0,0334683090100181;-0,0515845683992141;-0,135070736455206;-0,113400961054398;-0,0153666655245997;-0,0563085490973531;-0,0512969711439157
-68;-0,0996678550854677;-0,180504453365419;-0,223781611896166;-0,0841693928650536;-0,0780427225035432;-0,113638953452194;-0,123323722030788;-0,0428928215038592;-0,0637358429539427;-0,0724162644307499;-0,166884534125213;-0,146958088092574;-0,0221524761208689;-0,0749506128475179;-0,0609777619698528
-67;-0,12000209875412;-0,232922390216539;-0,275010252333265;-0,100458810302818;-0,115886229863669;-0,147722695579187;-0,160390804843195;-0,0500610113507566;-0,0786017584049453;-0,0818255309933909;-0,20121190231106;-0,172995592551039;-0,0277042871350509;-0,10639845440819;-0,0887058553856939
-66;-0,144038914377055;-0,26085091751032;-0,296301513833963;-0,104178821547804;-0,147046778210102;-0,190779912814487;-0,195830951052456;-0,0408598098543231;-0,0724241047028512;-0,0848907464624224;-0,241579349731497;-0,213926195917939;-0,0368282329615848;-0,148122234014898;-0,115802725832316
-65;-0,17403877039601;-0,280887930197175;-0,309102135884442;-0,101837343529651;-0,176627947104523;-0,238771870649047;-0,252847211856076;-0,0540011175446459;-0,0756116177300664;-0,104827324603243;-0,287120858089591;-0,255056351036411;-0,0557148269315685;-0,199161134865448;-0,158592701488185
-64;-0,192529347979226;-0,340005007233788;-0,44535089132928;-0,134337065855259;-0,210073648110718;-0,28541131103592;-0,286216489157765;-0,0646995511369063;-0,0810684991562219;-0,0960882076175104;-0,326242665937932;-0,290864991669566;-0,0642085521908553;-0,230267989541116;-0,186876319336728
-63;-0,231405080142076;-0,38559541734096;-0,542399576610733;-0,163045107299075;-0,245962507807309;-0,328218748316507;-0,296559493396881;-0,0812007527353162;-0,0972691356799189;-0,0901065256027307;-0,361989633534749;-0,329544111077365;-0,0785851112504989;-0,297603793661875;-0,25990188902631
-62;-0,248637349963157;-0,400709588834016;-0,626242786608538;-0,18225658864934;-0,279511142295494;-0,375151305474281;-0,280361344428735;-0,0926866413140423;-0,101577145214362;-0,08281608653688;-0,384172637404564;-0,348574568323502;-0,109553931036736;-0,364945173557232;-0,326509291574384
-61;-0,276726948085386;-0,405679120731153;-0,694942248201899;-0,185293720352029;-0,311466260157861;-0,411509325193556;-0,302968450077049;-0,0985723176033511;-0,098072272330752;-0,0721705954998251;-0,397201335422307;-0,366252416256346;-0,122011506068431;-0,42904562138426;-0,398267563237261
-60;-0,289736612988133;-0,345364561171919;-0,734606146744961;-0,164778886007764;-0,340552245220175;-0,44061671192829;-0,285816694288305;-0,0966961717463039;-0,0875649926709067;-0,05456337109216;-0,401382196689485;-0,372542655321166;-0,120678731115012;-0,492748332761555;-0,453335499955068
-59;-0,304676800132783;-0,310097242601882;-0,712395602255138;-0,125118295283698;-0,369033801809051;-0,461819113712382;-0,232041692415871;-0,0816570454000385;-0,0660099958123957;-0,0171005714821973;-0,399478580377297;-0,371387233179698;-0,121395337817621;-0,560744000180164;-0,531602669431417
-58;-0,309880149403972;-0,182452665886029;-0,674332300834714;-0,0849686455754965;-0,393516414015781;-0,475429314520981;-0,152248180396774;-0,0816985026225751;-0,064334799561632;0,0043050666857408;-0,394284016585479;-0,366460063869012;-0,105802074779588;-0,631867023869093;-0,60518684205461
-57;-0,322175718894741;-0,552899847405193;-0,960501769620787;-0,0707143886541079;-0,414564445943961;-0,483222926331507;-0,0865347100017436;-0,129327111329595;-0,0984333521478784;-0,0272405527371605;-0,385580864577325;-0,35529183774116;-0,0845155049036117;-0,694407520262571;-0,677373770776004
-56;-0,325399407798026;-0,727829782097958;-1,0296705038067;-0,0739276976835006;-0,428051684532122;-0,482929009160738;-0,115240738306795;-0,185132569344103;-0,129826325273651;-0,0593522392579413;-0,374360474569225;-0,34223805341631;-0,0489807404284245;-0,73097307487529;-0,708890059239595
-55;-0,325596717189862;-0,727829782097958;-1,0296705038067;-0,0831987285010941;-0,43367778155523;-0,480470928197504;-0,195841215010384;-0,185132569344103;-0,129826325273651;-0,0593522392579413;-0,363755026698647;-0,337913076579339;-0,0371755166192128;-0,782162957583241;-0,762570964778112
-54;-0,319949034091878;-0,976532447019716;-1,21467270865789;-0,0403999016319104;-0,4285447355374;-0,467149591763166;-0,272967884177782;-0,216423425889721;-0,15002772713309;-0,0689474681671339;-0,351226426364307;-0,325422250037967;-0,004507598465304;-0,816994192879292;-0,797511598750046
-53;-0,291201673260062;-1,0471773953323;-1,13480081414663;0,022756408359723;-0,414890625363046;-0,449642435273037;-0,30302511597731;-0,236549380275657;-0,172063174690993;-0,0951298261516544;-0,330020513391146;-0,307878000081442;0,0406149319113244;-0,859214977420971;-0,847206055934874
-52;-0,268562564012885;-1,14962033924301;-1,06798852142039;0,0586367427728917;-0,392712210802054;-0,426996596117931;-0,305332294351639;-0,253797672476496;-0,20612026258189;-0,144462720853999;-0,30779641423036;-0,286472354753325;0,114645909759817;-0,83516618376873;-0,825369388663379
-51;-0,246322878362317;-1,08450669048378;-0,869488552980207;0,172659467740507;-0,365669959633596;-0,399820322909965;-0,294512799661493;-0,273918741007926;-0,241419066756437;-0,189920434779904;-0,29292420478098;-0,268885362845715;0,182040052807932;-0,793386553785975;-0,769318471511751
-50;-0,21937482381018;-0,918035988204868;-0,635497145237777;0,205469335715995;-0,333658866524454;-0,369216681827499;-0,277059644853217;-0,254087143862628;-0,221856672643055;-0,17335628114426;-0,267914565055892;-0,237813986099061;0,227835098738347;-0,808245626114833;-0,796204869125363
-49;-0,193337016649591;-0,918035988204868;-0,635497145237777;0,15217792891199;-0,300106995613701;-0,335233929055177;-0,247255757819695;-0,254087143862628;-0,221856672643055;-0,17335628114426;-0,23545161248698;-0,217936865960649;0,272866882256077;-0,875585492566101;-0,838591685645141
-48;-0,165545351679778;-1,09722650173583;-0,821207049973077;0,0429128899749457;-0,265879451429137;-0,298234623023296;-0,189332967073014;-0,211635706041638;-0,170898870262084;-0,130922212853026;-0,201742380029675;-0,178557375106873;0,324477734547501;-0,814128517207253;-0,786107356954394
-47;-0,141097323505073;-1,05335485246095;-0,785309316797577;-0,0570725221757887;-0,234591803670636;-0,258467813859814;-0,128225065018425;-0,160553706337616;-0,120132390517658;-0,0597730279717355;-0,177869450847682;-0,152160454717084;0,391738438780484;-0,727969806749015;-0,762166514339806
-46;-0,0799011825225515;-0,762163251087121;-0,489256339747772;0,0420683159067003;-0,213002688465323;-0,219030577148749;-0,0572290467790556;-0,0064136218083712;0,0469681023757824;0,114451325879927;-0,134782272283825;-0,113535646211179;0,469832094121719;-0,773933174169455;-0,740222487500826
-45;-0,0546963949924224;-0,762163251087121;-0,489256339747772;0,156445745799803;-0,202647576658987;-0,184079602667895;0,0525624620075662;-0,0064136218083712;0,0469681023757824;0,114451325879927;-0,086125030746283;-0,0734588334411936;0,579215347496106;-0,720295564944452;-0,720578192337374
-44;-0,032980795342816;-0,0925497564673707;0,0487366587050667;0,278247034678182;-0,199579155674991;-0,157347557914949;0,220357582620001;0,206663290993807;0,276341956446839;0,324804833118784;-0,0563014504549309;-0,0571915014685201;0,634822647569945;-0,712034676792883;-0,696295957110972
-43;-0,0188360920357461;0,462532707872495;0,59068994287575;0,440559719837189;-0,201523285519108;-0,139141791148399;0,399679488995419;0,407020946556786;0,477661918632619;0,500099185971814;-0,0695880046506794;-0,0369463540527696;0,659808116262054;-0,706724834380928;-0,691035321629039
-42;-0,0217286187885099;0,462532707872495;0,59068994287575;0,482175455940848;-0,208226441068617;-0,142419374430217;0,468372027795568;0,407020946556786;0,477661918632619;0,500099185971814;-0,0893745252085942;-0,054224082897176;0,662483947485509;-0,719742630073555;-0,69724790728381
-41;-0,0623895617535915;0,699546692574959;0,445129430657843;0,473181198452397;-0,217527567523635;-0,155460651437739;0,454425811758288;0,570786948582733;0,621474755864695;0,592142638473335;-0,133295275632866;-0,0825815236989904;0,596574391377378;-0,739606225612996;-0,718876763718093
-40;-0,118995366277299;-0,0789316390908587;-0,495064993261978;0,343421772202565;-0,240675558037973;-0,184921520516865;0,414904060024328;0,599121030020715;0,573339873741193;0,537520186691925;-0,157858252381789;-0,126731189327322;0,497507133246652;-0,759105020224034;-0,736203574500962
-39;-0,17742682410442;-0,0789316390908587;-0,495064993261978;0,252148065534507;-0,279030813288354;-0,236148075870554;0,380617021762692;0,599121030020715;0,573339873741193;0,537520186691925;-0,211332246285052;-0,206742391239895;0,363361330951146;-0,796490577546462;-0,78077546676521
-38;-0,228137997076017;-1,51744731342083;-1,78793995110666;0,147353563076216;-0,330427197369734;-0,289182458589645;0,297067640304957;0,37600060820736;0,285402474094012;0,319491125777408;-0,252826907064601;-0,260605166337729;0,19574961770281;-0,823120974640425;-0,827640964893963
-37;-0,264488138455689;-2,3296023696556;-2,17326793421401;-0,0104064102550272;-0,381179091455535;-0,337786020623882;0,203171076247175;0,0357430029476949;-0,0762117427165397;0,0593796643397973;-0,294385452223024;-0,32077544752815;0,0392950910882475;-0,88873250637795;-0,874762494141491
-36;-0,286571751742737;-2,3296023696556;-2,17326793421401;-0,0811106333000907;-0,431686335624653;-0,381566877416764;0,121535937266187;0,0357430029476949;-0,0762117427165397;0,0593796643397973;-0,291828490597392;-0,358797963130623;-0,0579850747371467;-0,928327625190413;-0,912178317011541
-35;-0,297070413558647;-3,06698301218417;-2,54533784212166;-0,131681217961498;-0,473766951477581;-0,414346217665632;0,0428300210375324;-0,289296914827585;-0,387000426322688;-0,168413271966106;-0,346658855043053;-0,37599047367275;-0,117597846443181;-0,916848004119034;-0,92358634886653
-34;-0,291207433266748;-3,06698301218417;-2,54533784212166;-0,150071048478825;-0,51070156624419;-0,441635840424602;-0,00531075066565084;-0,289296914827585;-0,387000426322688;-0,168413271966106;-0,375039885676171;-0,434328403264808;-0,144207446912196;-0,953815979087573;-0,95459278278307
-33;-0,286611278569771;-3,26656855223119;-2,50119572381887;-0,199173918727638;-0,531656987944708;-0,457175238259977;0,00900971487045262;-0,468726194023671;-0,541335086875307;-0,291443784730317;-0,415753241515277;-0,433759515176087;-0,15335801801623;-0,999990469354991;-0,962860899991044
-32;-0,288752307014144;-2,37999658855301;-1,64224126717788;-0,229398582938406;-0,546239965497634;-0,473144947581918;-0,00976900601966436;-0,579394103548109;-0,650186483954893;-0,378530270156117;-0,458440048251351;-0,500305542115815;-0,190902619555942;-0,959773735898355;-0,948526626380945
-31;-0,299460486588979;-2,37999658855301;-1,64224126717788;-0,247323754557283;-0,552094593186353;-0,487154595515665;0,0184632234805931;-0,579394103548109;-0,650186483954893;-0,378530270156117;-0,498884124920927;-0,529101554183836;-0,241653318890697;-0,939873319493342;-0,874386466282989
-30;-0,314580283426031;-1,57133297214478;-0,988370159380616;-0,267216846900439;-0,56245670065565;-0,506896043543723;-0,0244945326430322;-0,708399726525781;-0,754938866579183;-0,493576054877611;-0,50062024859421;-0,558093418658658;-0,2752594967584;-0,971497912208623;-1,02781907590087
-29;-0,330537465754573;-1,57133297214478;-0,988370159380616;-0,29292375573525;-0,571992765033323;-0,524720909093308;-0,0643024069124096;-0,708399726525781;-0,754938866579183;-0,493576054877611;-0,571769233470525;-0,599282353714537;-0,330702324627388;-0,888360642860885;-0,897420666409156
-28;-0,347890860447979;0,0595825858663765;0,284603074125824;-0,301524393122512;-0,587914839697336;-0,546407152413077;-0,0520644389359481;-0,837529607002368;-0,873821342984875;-0,625079120220433;-0,605046375178016;-0,652794330730276;-0,346834326507708;-0,881155755992119;-0,872734689797709
-27;-0,370544766773487;0,0595825858663765;0,284603074125824;-0,311455407963996;-0,604584060693028;-0,568088980758869;-0,0592507444419698;-0,837529607002368;-0,873821342984875;-0,625079120220433;-0,627458366335349;-0,712632523817056;-0,385875343083196;-0,987760025964271;-1,02032414517115
-26;-0,396801594441011;1,25210051012977;1,41291854695328;-0,345878496240399;-0,628813825593864;-0,595507025987987;-0,101558345187601;-0,940013712931277;-0,962974887496499;-0,733373655697545;-0,703726302950074;-0,751387803328922;-0,39014863883674;-0,878217415981841;-0,856335157103718
-25;-0,416916437584964;1,92737148071854;2,31344005014613;-0,367629523013515;-0,650204660277385;-0,62145068309818;-0,105414625766195;-1,03044640728099;-1,05297093872742;-0,812523591962146;-0,74894829496264;-0,812038271977744;-0,394421315157694;-0,89191458670307;-0,932381755350844
-24;-0,435125757319748;1,92737148071854;2,31344005014613;-0,388341216118569;-0,674233376150528;-0,652499543710212;-0,117608361656889;-1,03044640728099;-1,05297093872742;-0,812523591962146;-0,807086130826156;-0,848768222359492;-0,417091325048755;-0,746146082435448;-0,80229998744576
-23;-0,452371911396898;3,24149792242947;3,74488278950352;-0,415373303898682;-0,693496553029673;-0,680996741608397;-0,129829051512104;-1,15791538699632;-1,17355603436141;-0,913993615869542;-0,857836605547187;-0,900711631150566;-0,427485049071386;-0,84748166587276;-0,863114652576504
-22;-0,471875084617498;3,24149792242947;3,74488278950352;-0,447383354281151;-0,717609237882108;-0,712826289994001;-0,153898272382021;-1,15791538699632;-1,17355603436141;-0,913993615869542;-0,917805113602365;-0,932013684485875;-0,450395375917741;-0,808956237118856;-0,806280565132145
-21;-0,490231561435588;4,57509693438962;5,1495310962391;-0,488887898424849;-0,742746671153617;-0,741749477025856;-0,184769543019861;-1,30677132885854;-1,3179217447237;-1,04348550270246;-0,954985428337062;-0,997736373844832;-0,488794734055445;-0,783624061395447;-0,802196249523713
-20;-0,529781433864226;4,57509693438962;5,1495310962391;-0,534842260721059;-0,773415598630136;-0,800042777420027;-0,223150992706382;-1,30677132885854;-1,3179217447237;-1,04348550270246;-1,01918142962223;-1,03184747203327;-0,519561191183172;-0,700977548921122;-0,750338243925502
-19;-0,549403675554705;6,38799589835462;7,57444662299034;-0,577364512917564;-0,801714822935774;-0,829363146394972;-0,282573752340641;-1,43217973602188;-1,43945717998053;-1,15675832339726;-1,07019038893866;-1,07641196266405;-0,541939050670022;-0,771049989629933;-0,798410694497927
-18;-0,567906203849114;6,38799589835462;7,57444662299034;-0,614410072917053;-0,829430664229902;-0,854909225651254;-0,352307014323803;-1,43217973602188;-1,43945717998053;-1,15675832339726;-1,11611090309903;-1,1170128114042;-0,545183641919906;-0,754436917403281;-0,77971027684738
-17;-0,591443612337615;8,3217459684651;8,97787863988661;-0,64086540676449;-0,846088312758618;-0,876503380695492;-0,421715653759956;-1,47384601428291;-1,4871541741408;-1,18262562643459;-1,15740966723582;-1,14685632257414;-0,548591090662018;-0,735297354089165;-0,757329528437896
-16;-0,602025222509739;8,3217459684651;8,97787863988661;-0,664564922878276;-0,865548808717683;-0,90175670761542;-0,506207782119997;-1,47384601428291;-1,4871541741408;-1,18262562643459;-1,20264775222061;-1,19320736692349;-0,552657645838166;-0,71951264229847;-0,738872336026248
-15;-0,620991820220518;9,87000884908797;10,8609199647714;-0,679632077546124;-0,881192797410752;-0,944887850082963;-0,593922049143366;-1,46881760667929;-1,4818117226403;-1,15140936477621;-1,25005250453252;-1,21723003352614;-0,539731400077871;-0,706862312935305;-0,723094060921984
-14;-0,638913033028173;11,4530942409798;11,7618751431238;-0,68135165436923;-0,891269143678016;-0,961544997595896;-0,677830181154135;-1,40218727280353;-1,41475024222044;-1,07363053440464;-1,26249376092508;-1,24397776780039;-0,514831630909995;-0,69112974038121;-0,706274010049068
-13;-0,652921538242338;11,4530942409798;11,7618751431238;-0,634949516707317;-0,888346350186098;-0,967839714688922;-0,721320701603942;-1,40218727280353;-1,41475024222044;-1,07363053440464;-1,27994711861421;-1,25970913051185;-0,48791664249478;-0,671026851887138;-0,686912271071091
-12;-0,662151846470268;11,9330489029648;12,7067376307595;-0,598496228378131;-0,853422483690912;-0,961181389910276;-0,832116754360493;-1,28892887111822;-1,30709274443244;-0,972960511864184;-1,28833958865487;-1,26158471973615;-0,444560051240173;-0,637049192590739;-0,654909132304256
-11;-0,668924820942946;11,9330489029648;12,7067376307595;-0,546856747007966;-0,826902767340331;-0,932433359331678;-0,89836211797351;-1,28892887111822;-1,30709274443244;-0,972960511864184;-1,27318835735314;-1,25843398832;-0,387717134824883;-0,603623006985864;-0,623553550240529
-10;-0,664201872433214;12,9369837948641;13,9278381180286;-0,486110545320441;-0,799359169269342;-0,911331943811066;-0,872903032861249;-1,12714524609465;-1,14744474704893;-0,849832466648986;-1,24306127592662;-1,22645245657735;-0,326106585285662;-0,542709032536917;-0,564843608613376
-9;-0,648061633126814;13,1419985955553;14,198884605686;-1,34316109776419;-0,740887881839112;-0,852061288694662;-0,788370293339614;-0,933760114739763;-0,951935159167838;-0,706549922106285;-1,20281875343658;-1,17305856198563;-0,249278551736013;-0,468815807647804;-0,492705673423053
-8;-0,621696398039364;14,0741640895832;14,9498178218885;-1,21267979361791;-0,710674812563413;-0,813647490129438;-0,63794897996643;-0,778864036347932;-0,791934241026389;-0,598729741952888;-1,14683410685044;-1,11904841315284;-0,176365638777173;-0,386612223700105;-0,410970284074615
-7;-0,586269698018901;14,0741640895832;14,9498178218885;-0,202967706911563;-0,637736885980058;-0,72868955139047;-0,514706577644934;-0,778864036347932;-0,791934241026389;-0,598729741952888;-1,064906385435;-1,02223464434895;-0,12162460473777;-0,325517404729941;-0,349220399984239
-6;-0,536012514982336;14,9224003786368;15,6509567593508;-0,160202345877107;-0,553174972031881;-0,67767808104967;-0,39057619024675;-0,637977103718368;-0,645969554914918;-0,500713145271774;-0,962111715409098;-0,937725813732022;-0,064336501167488;-0,242849710302626;-0,264337555980791
-5;-0,464481866686669;15,6981212849282;16,6778835354015;-0,147516276155296;-0,437835799531435;-0,557864946172092;-0,150823638984206;-0,517925377658862;-0,522407446511411;-0,41547390174365;-0,835303618233539;-0,774695295855386;-0,0041646034261504;-0,152622702649037;-0,169160806452804
-4;-0,366037189257557;19,5304645642786;19,4580285977799;-0,0979896219664815;-0,296118850050927;-0,41792294563072;-0,114784498296277;-0,321131102504913;-0,324944228080094;-0,269647748832836;-0,645680729961139;-0,656027490420309;0,0834410636822336;-0,0460138411276288;-0,0554321069352235
-3;-0,239513504037197;23,4958000176224;20,7968869411548;-0,0386534231153331;-0,110050590430618;-0,254479329229073;-0,0325282169316551;-0,243469886419831;-0,247557757470622;-0,210053898731102;-0,446062606037728;-0,418103423070073;0,224893389606332;0,0536235041036629;0,0499541801278048
-2;-0,0722502680406699;24,6140077343896;21,3430457008388;0,303602410342532;0,0757862630137771;-0,0950080066601301;0,138933604656243;-0,132923099560748;-0,133783667212595;-0,127705853405116;-0,211919218950042;-0,251635394224722;0,444503211036433;0,0404287013090645;0,0458133868864171
-1;0,127080501913847;15,1271584792042;15,006766198386;0,0713005508786313;0,368359971779582;0,169907842261344;0,302817996564028;-0,0610808410548523;-0,0606809275421227;-0,0734384714362027;0,0245525992078656;0,0249262616847531;0,688927985858014;0,44724797252393;0,453775872437495
0;0,346497070099388;0,732217772916873;1,16879626475674;0,161906464713997;0,565539546659404;0,452315374063019;0,473247814949916;-0,00753737597192253;-0,00437574011682987;-0,0318494193334699;0,296505398900582;0,290922161337252;0,954355140444877;0,846866167693346;0,871069494977715
1;0,55359869428774;-5,9871927850171;-5,3583052012884;0,231988271761378;0,853855282652126;0,72787302721423;0,624165248073108;0,0190069159900309;0,0250527511400448;-0,0095658735377408;0,546649997409914;0,490067818515173;1,08363060347665;0,777558264226709;0,785771581052935
2;0,730708101761638;-13,3833085185092;-12,9099251481188;0,272716260313364;1,12136431197498;0,980704653759125;0,751580607554173;0,0865888875451008;0,0964480094047027;0,0471496750817451;0,792436957299171;0,744629598341992;1,29542919762891;0,990137562643166;1,00308425971459
3;0,889814119588659;-12,6760969320421;-12,9581094154862;0,349762453844909;1,28515691800073;1,13741649803356;0,756941191946569;0,196818085394597;0,210058837777084;0,136480602949522;0,982742751310261;0,886040334430338;1,4670977602417;1,1326277596046;1,14279087675001
4;1,0103815055047;-9,06114857390462;-11,1694502491099;0,387670916017134;1,44529067923954;1,29689291741143;0,825824305592618;0,268840986791388;0,278646570289101;0,195501346397369;1,13456849108061;1,0569864433102;1,57973888343259;1,23862036140762;1,25282822437906
5;1,10838895961108;-4,5130274238494;-8,15006121777152;0,449971103482554;1,57531897294175;1,44099110891961;0,900112536115978;0,443439486516937;0,449467312268962;0,3167284087303;1,25775251035589;1,18502273475878;1,66293077869431;1,33760195578563;1,35196140870424
6;1,1816512283443;-3,93722405427992;-7,37252027332506;0,550676984841513;1,68709480746871;1,57592203430042;1,01863887186759;0,549255770647059;0,557834112467755;0,379060639404902;1,32881663595929;1,2779962589138;1,71223161081946;1,41121543032071;1,41679493026493
7;1,24000306809377;-3,4411981584258;-6,66397340971875;0,649114409071533;1,77542434829952;1,62401030089331;1,21999753989988;0,662850215883264;0,684645039330991;0,459246636282769;1,40695044429728;1,34881332510297;1,74270594461201;1,4904071220296;1,48605309455553
8;1,28603252290626;-3,4411981584258;-6,66397340971875;0,788336598587281;1,84612896713433;1,70789584358741;1,35821246895093;0,662850215883264;0,684645039330991;0,459246636282769;1,45633500356474;1,41367488639552;1,78127080579576;1,55241493713756;1,54607424063288
9;1,3347550560468;-3,57186391804286;-6,56303503111953;0,873002086420521;1,87277721393969;1,73848694546076;1,59637736104714;0,78068312297986;0,821574748395452;0,53624427916247;1,51789103405154;1,45876243043709;1,83168808648359;1,60820255436994;1,60058385697971
10;1,38938612726017;-4,50107141701304;-6,64555058537213;1,06805371334902;1,92582193061759;1,79387738157195;1,78004555838983;0,903970668788788;0,960121266555221;0,614067808160529;1,57860402340144;1,51835041861671;1,89340525559915;1,71881795827374;1,70873760891385
11;1,44321851437792;-5,54213149822048;-6,92823293440792;1,19149053168115;1,94831745228562;1,81680157400434;1,91168415078012;1,02718379489864;1,09737118607923;0,669441430361839;1,64249390199795;1,58878397164701;1,9565929198087;1,6964192693674;1,71781709679848
12;1,49731683112265;-5,54213149822048;-6,92823293440792;1,30655605459339;1,97439617291508;1,86712902519068;2,04500521617088;1,02718379489864;1,09737118607923;0,669441430361839;1,69638230063697;1,66016807170043;2,03114494536717;1,78369121994487;1,79801573719839
13;1,53002001067926;-6,29361210938013;-7,07350813991045;1,41660262191956;2,01491459978255;1,89216881436964;2,15072165107805;1,24900356516424;1,33571773147774;0,838958837244689;1,74959375023348;1,70215075690013;2,0907977830706;1,84188663154883;1,84168360895866
14;1,56029987546679;-6,29361210938013;-7,07350813991045;1,57405466302889;2,02368212320553;1,92528793058912;2,22039881365794;1,24900356516424;1,33571773147774;0,838958837244689;1,79852389252674;1,74671424458155;2,10114422465222;1,85305902243482;1,86405999291803
15;1,58459029819107;-5,64015490734708;-6,37903736109848;1,59520897236852;2,02408089306235;1,93354503316871;2,18238819685402;1,36037766372605;1,45531381406201;0,877541911677713;1,83008821913149;1,78802047490035;2,06433168282979;1,85911881617;1,88267502785901
16;1,6097514843461;-4,57387388321765;-4,44263880772891;1,6005171288573;2,01833796674357;1,93154765601266;2,11159667864753;1,4648032446602;1,56533896031119;0,932186238765244;1,8536557031019;1,80863906555009;2,01822890615183;1,81248866334481;1,85113655925884
17;1,61961924878117;-4,57387388321765;-4,44263880772891;1,58677946694217;2,011031231225;1,92460224998832;1,98338286594047;1,4648032446602;1,56533896031119;0,932186238765244;1,87592649869311;1,82405333347008;1,97151933006105;1,83796953245036;1,86763738246038
18;1,63727871238725;-0,969247294793737;-2,23402562829879;1,56805522914995;1,99473250726412;1,91145886170307;1,88193066089867;1,47532067196688;1,59205405608142;0,926759198459874;1,87732982758336;1,82862695568301;1,92873981548059;1,95921905183454;1,98127196699996
19;1,64112936885443;-0,969247294793737;-2,23402562829879;1,54729662627893;1,97521361482301;1,89651850811785;1,76255539446236;1,47532067196688;1,59205405608142;0,926759198459874;1,88358945583654;1,82823295260824;1,85582931550247;1,88320688162348;1,90132107487227
20;1,64407531372807;1,25080140527985;-0,192756116419652;1,52611549438886;1,95194190240672;1,8790761577218;1,70350557006216;1,4189058863765;1,53893673677797;0,879898026397969;1,88172272313502;1,81537853795948;1,76296507961966;1,86288709861763;1,90556756937722
21;1,64163117317403;1,25080140527985;-0,192756116419652;1,49450338682467;1,92252065598611;1,83211507204233;1,63137394831735;1,4189058863765;1,53893673677797;0,879898026397969;1,84789115304509;1,8029817867461;1,71873674944158;1,94487996617719;1,97765950376642
22;1,63363939886121;2,22837193727339;0,560978850023014;1,47365686281405;1,88834774123108;1,79927231857155;1,56452340615841;1,34175277190201;1,4646595941133;0,819474356526114;1,838058914058;1,78146747685341;1,64823850918827;1,90636133132844;1,93821349468801
23;1,62535755404928;2,22837193727339;0,560978850023014;1,44601732842502;1,85292092208517;1,75784608309511;1,4894305615545;1,34175277190201;1,4646595941133;0,819474356526114;1,8017009359569;1,74385110729477;1,60844716166817;1,88596191204808;1,93343897576495
24;1,61359238508068;2,76123159302417;1,53174601021303;1,37300086669058;1,80873103167749;1,71352633254946;1,43584157142645;1,21020563718832;1,33722305941873;0,723758049662259;1,78221078614666;1,71896406609797;1,53378184335418;1,76646867018759;1,81980717200381
25;1,59990187893132;2,76123159302417;1,53174601021303;1,33909329286541;1,75910670015458;1,66238005253187;1,37500977221613;1,21020563718832;1,33722305941873;0,723758049662259;1,75217529342033;1,67903407790825;1,51185320229829;1,98795903463752;2,03982596270879
26;1,58481075749158;4,6029823646011;3,53396067509207;1,3004286121573;1,70881608790625;1,61349532831254;1,37881063027676;1,12884507632384;1,24830765730133;0,653064637622997;1,70529360037463;1,65528735570309;1,46880328341964;1,96595389576084;2,01143047402985
27;1,57372709203173;5,10478638468574;4,41056058185749;1,2180533340823;1,65658830282747;1,56769125319105;1,37283224676253;1,03266269340967;1,15757760345634;0,538526320247876;1,6892938922889;1,6066401591499;1,4233998000717;1,91603971503957;1,94063395182681
28;1,55607466618344;5,10478638468574;4,41056058185749;1,16825056037751;1,61396738677065;1,53163456741205;1,35048701108966;1,03266269340967;1,15757760345634;0,538526320247876;1,65611209962953;1,58178026159074;1,38567131907794;2,05269794632634;2,07976784690976
29;1,55126991050317;5,53927185249512;5,07537636312351;1,08894634602551;1,57904404554209;1,50201387251543;1,33080567806259;0,889260342435772;1,01974263114083;0,367765785725568;1,62731156525733;1,53684702947837;1,31334568731914;2,02045305795345;2,06986972383392
30;1,53996364304577;5,53927185249512;5,07537636312351;1,0350228627212;1,54827172237735;1,47573676574635;1,26214320459603;0,889260342435772;1,01974263114083;0,367765785725568;1,61472542810822;1,50674614481952;1,24318190952972;1,97844098447343;2,00636859543175
31;1,5225296242068;5,48947782947908;4,98356968547987;0,982417754021156;1,51069356481215;1,44501350722697;1,16916962089888;0,734478252075162;0,871502350495471;0,195755381822366;1,56943227506033;1,4726186204969;1,1574671432489;1,87412014392777;1,90789503103331
32;1,4996815860635;5,72944139616038;5,1751349626808;0,971139937602757;1,47070884497971;1,40799523464311;1,09401997022859;0,795637603084018;0,939926204411676;0,250648611954662;1,50821925656717;1,42654471284901;1,042329193839;1,96776970688511;1,95873423071874
33;1,46621732465409;5,15199818823646;4,92279734360801;0,749414662334886;1,42068418256974;1,36393180920292;1,00675225773953;0,570204925346481;0,701034830258961;0,0375763793594368;1,49205108680623;1,37898287714295;0,939995449868676;1,96118834358985;1,96826415757979
34;1,42629039184835;5,04567167844091;5,06955899079298;0,696507311325393;1,36980551808225;1,31397922485428;0,894517946933237;0,456921693188945;0,58630000495302;-0,0665586556033707;1,41495030935881;1,32165534140436;0,892534093647238;1,78888304518711;1,74448889715906
35;1,37567363434873;5,07696663543702;5,11244453721347;0,678721424834552;1,3115181184635;1,25847180951729;0,838378827790674;0,460548159601818;0,584902610446835;-0,0623384786226176;1,33968153336498;1,26050083580486;0,824200868380979;1,87766242134705;1,76517106679428
36;1,31051551429515;5,11797842810518;5,22335634421075;0,659276747858245;1,24881688577418;1,19709554215424;0,803324646431496;0,346111734217911;0,463247789833436;-0,0769657911737003;1,26755249771025;1,19606144510383;0,756304276160401;1,48406421254748;1,4770064991212
37;1,22814046041921;4,06907730435058;3,93458491222262;0,55591318226886;1,17157049017011;1,1221344420237;0,729844420697357;0,303252429990361;0,418203025521476;-0,050176586491648;1,16932854940959;1,11621664015474;0,668849632462963;1,42599002186244;1,44313014471599
38;1,13622777727216;3,82248424182252;3,63425414026377;0,479255080119743;1,07936802891939;1,03310488942054;0,643703030561114;0,239251807215036;0,325524656289442;-0,02579251208448;1,07442739638112;1,01719602212024;0,589538522702043;1,41381351889204;1,30559456455911
39;1,04156527896655;3,03776097192475;2,8420010258331;0,437044949032393;0,97893309880477;0,939815506213748;0,552574213828426;0,180947681522782;0,217011780918886;0,0591139823660629;0,965885254520416;0,936455422763391;0,542055340745082;1,46111677012924;1,42232078772442
40;0,946390374935799;2,75710533790433;2,61881982344247;0,401440105007672;0,876516612693896;0,84995384248733;0,503277179531164;0,220752195453584;0,247742873927561;0,0990199538319957;0,885397504387433;0,864603114601894;0,523234035925469;1,42221221811028;1,43216342214915
41;0,868588898175915;2,38319205747116;2,02468028576222;0,345803670711942;0,782740372700488;0,780374720698808;0,526829277726442;0,202533713768314;0,192321403576491;0,128733000742481;0,810586185780404;0,792767080883106;0,533064059645271;1,32716885414177;1,29364478465961
42;0,822080511739491;2,49234775058679;2,14319543059094;0,3452774713448;0,70309923724119;0,732377413409741;0,555620756527505;0,236953205744445;0,20560089884922;0,156338909827221;0,797072568084952;0,750808151109875;0,547827929722837;1,30482755546909;1,28257894373674
43;0,795153393137702;2,58163191724575;2,13516365121224;0,370956706844127;0,643503711466581;0,704228915861337;0,583131894796604;0,268464342459599;0,250086310050055;0,167462915240141;0,779865058840386;0,717324415545835;0,585281698694225;1,2310269610402;1,19474932426054
44;0,769963485328999;2,80801699248306;2,13684543606661;0,428841709057929;0,607051204439999;0,686597486178701;0,628077642449277;0,292315128036436;0,321093316145769;0,19791490353606;0,775495817781628;0,702829444515054;0,642262576612221;1,17860307304897;1,12108916893537
45;0,76933511561943;3,25140507668227;2,22887088694112;0,471447309679409;0,588241748893982;0,680680357260761;0,646076218503528;0,353628254396601;0,438978080606455;0,226639230675431;0,778174819471035;0,698677012693512;0,652822275043452;1,18446202954857;1,14030677379989
46;0,763153710754782;3,33624103942681;2,34015795781177;0,499148429920232;0,580393355640932;0,675886346184388;0,646116368749045;0,370362973885699;0,459944902827853;0,231906755599494;0,795531508979707;0,708627849498876;0,643105334860331;1,10357788543553;1,08039193445546
47;0,762265165531386;3,36933659739416;2,42433139430332;0,525802100868647;0,575126513725221;0,670672843279197;0,654303849023187;0,415401182214302;0,512553302394667;0,260723072977084;0,796969629702708;0,720102872022856;0,656801543031069;1,13446131775474;1,10663698362014
48;0,759116059806532;3,28646307013598;2,54155261426522;0,559345335515861;0,56863223809606;0,664383527574524;0,666434493936067;0,450524421466592;0,539106432872858;0,279522963811908;0,80302441603286;0,724675598641988;0,671673732481766;0,870522483665425;0,852649519402205
49;0,750421326757546;3,37358591890937;2,69301746724966;0,58193793824884;0,558289489054213;0,658187550032376;0,684801120442185;0,4563028831497;0,545091563558519;0,281469694203375;0,801507059670994;0,728676243594899;0,690065338043294;1,0666672231889;1,04147740229877
50;0,740520537487962;3,20887860684942;2,59330222711549;0,605105646014334;0,543993973270867;0,648740587533237;0,69632044579415;0,461600435983744;0,547896703306411;0,279737120913013;0,803225605370675;0,725847010800196;0,695437486914662;0,981027691591706;0,995501632086514
51;0,728563917295759;3,0111205861761;2,45436500507365;0,609169430737652;0,524898805022541;0,633672696891559;0,701370962741954;0,458389024343601;0,545581549488777;0,275188726683423;0,802905336501896;0,723997942741725;0,679065564434517;0,99606485197148;0,961562939284993
52;0,713373435879113;2,83436472511464;2,28775286360168;0,606013872893905;0,50204439463133;0,612960017697086;0,690022445257907;0,453105163906818;0,533908905568085;0,265436455401438;0,785849991347636;0,712587991228504;0,656025302198294;1,14266585879984;1,08907819563
53;0,683195370540508;2,78417431070846;2,19267392208201;0,606030986101512;0,476514865517515;0,591381224648053;0,684863955118746;0,44695135350782;0,544734566074146;0,260917312632457;0,763347005187656;0,696823576905237;0,629341477486093;0,928490904146594;0,879806387999388
54;0,665261696257929;2,52072134441641;1,99527218304379;0,607254081741598;0,448018125203606;0,564706915497953;0,656677376790178;0,434907017211825;0,541379930097911;0,26133379984797;0,738401188097258;0,674286017458604;0,585753651931185;0,933036026951904;0,90511445114939
55;0,626093684803737;2,16323304182607;1,62398581154202;0,603303626529963;0,41885126525357;0,534072176005831;0,617838677056978;0,396821547974881;0,497412527695121;0,24391864180585;0,706413472793781;0,646544495085519;0,53618057481286;0,857973127171129;0,829427149582037
56;0,603961534298815;1,74314319002179;1,32745531807792;0,584578458905797;0,386556761807115;0,498278820346495;0,571192064675296;0,349431060789163;0,437259412060006;0,218914192801643;0,667843896936943;0,616686100097992;0,493280498129466;1,01598294476459;0,990993088872469
57;0,553651424748214;1,6214044454153;1,25454987357097;0,564364239630163;0,355328053160503;0,462197764395303;0,53290515437589;0,340756680882574;0,426239510190148;0,211847530168367;0,620748756231816;0,576297546377412;0,450305694679579;0,567118261396959;0,550107661349127
58;0,501376951211722;1,32044441062296;1,02089362797255;0,540436306007414;0,326625637655157;0,426564392205768;0,48795972070803;0,297671241106851;0,371784644196355;0,177893986360148;0,57346869041047;0,537812294972685;0,403549675692831;0,688601572266556;0,643204835523387
59;0,445871806646115;1,09604400352496;0,848409453833278;0,501256828155726;0,29633330806661;0,384451207856254;0,435912487830656;0,248299857570238;0,311659926987691;0,133191586331266;0,525720997511387;0,496493162218557;0,344008060198437;0,945367696110153;0,88857738208615
60;0,395851877101041;0,952036425295934;0,692791046285483;0,444924621450561;0,266984901060677;0,346214364322494;0,367931751206;0,213937309741827;0,267809407151289;0,0999345290475563;0,486051011531298;0,457292522991069;0,287867533695352;0,596973219058377;0,584150148871092
61;0,354988368687857;0,768348976411622;0,553092102487714;0,375448166560853;0,242634001971512;0,315733118069883;0,321682767238077;0,186985625807892;0,235323839865778;0,072311818469664;0,452498248316904;0,427130259301168;0,259077049747289;0,440741139265589;0,411611333427643
62;0,319199519521207;0,903267279597472;0,61944119503986;0,343136095726211;0,217720826372045;0,278911398191189;0,287185029475488;0,146197352838482;0,18732704484365;0,0609029566232064;0,417832394646042;0,393586431617755;0,229254742419503;0,368781748328313;0,396337230526861
63;0,286207333923479;0,813309316482027;0,568234113443549;0,332149879937821;0,192905999641368;0,245223749697793;0,25468515891354;0,154998721589795;0,212983442260696;0,0554269967871275;0,393665624750177;0,361275761367485;0,201253576700438;0,525652306483285;0,491536255768069
64;0,260546663954131;0,853869665039697;0,581501861252094;0,270650311917715;0,169916768428933;0,213797226984591;0,212278669210497;0,116726381630314;0,170043135272364;0,0407902176314667;0,369025430091192;0,329151905317642;0,152416250789101;0,350289256609149;0,329961395992691
65;0,235394638994245;0,834434972031356;0,54171081239603;0,288957098562514;0,151641689358141;0,189341258435244;0,177709328031356;0,0790690256238325;0,118920256120528;0,0315148924807899;0,382534454503138;0,318635561823256;0,135621163596369;0,50390226118437;0,479733389872038
66;0,215286537458906;0,594192647232525;0,285914370461466;0,228911396227953;0,138965856152721;0,180065439101233;0,139662829911152;0,0595307224610717;0,0900520281657845;0,0283697192505707;0,328807915371107;0,30190992905345;0,125183403442999;0,342779357714792;0,327630630528362
67;0,205529481771367;0,73740549733699;0,385243174119137;0,238135810234475;0,129831852095099;0,165769600976204;0,119417847452459;0,0699197523140095;0,111321085573188;0,0256413684577707;0,310358866182375;0,281359096268311;0,124536303274718;0,232859176921487;0,225654392707665
68;0,189223182743054;0,71935257417701;0,365248076305122;0,23759185101341;0,122045576639304;0,151888242982682;0,113162020812597;0,0732660123271908;0,118094744623437;0,0267306734636373;0,290995994586472;0,268759837125133;0,117467645784202;0,267292401675154;0,251090238357752
69;0,17766900486995;0,659942158323307;0,33259781063933;0,228630657813994;0,112087881172539;0,139718475428851;0,100878012369775;0,0690577965728629;0,1153488260013;0,02660788083788;0,276248201330152;0,255920370695943;0,109469577111705;0,236727969363759;0,22749422713285
70;0,165470332355005;0,61519226827714;0,268466539128873;0,208424235378282;0,101701682896972;0,127940897124079;0,0950312616935099;0,0625739944989751;0,107754815573485;0,0258104151367675;0,257595128667504;0,237189209565931;0,10148571044594;0,186596109412367;0,176780005453773
71;0,149034519203477;0,569993908491714;0,235816688374314;0,186221185362197;0,0904317182416305;0,112783792855626;0,088270385482452;0,054461697729423;0,0984936684997792;0,0229768366537724;0,231899401864393;0,214540739172205;0,0904626950988512;0,23246241530163;0,22215441982188
72;0,126825818092275;0,499065422877775;0,190234034687691;0,15822126939676;0,0761423944358354;0,0950652602959621;0,0794686860438059;0,0448814032226849;0,087423227693082;0,0197763139611517;0,207706100644974;0,188154622186982;0,0707281442202226;0,17115175305884;0,163027843603501
73;0,104695412097384;0,409599239471697;0,141124171051645;0,122446076822795;0,062819061237763;0,0794974673556478;0,0695084111993031;0,0341640601671209;0,0693848951788432;0,0150983935872939;0,177402403747814;0,15825215188747;0,0511344554630425;0,146696925895684;0,136314529305676
74;0,0816284147760572;0,314363573780094;0,101842116812268;0,0866301610903035;0,0499984675136495;0,0624419167663552;0,0557440793244509;0,0265630214590283;0,0565305775479311;0,0117760939084114;0,14818851405954;0,132350445049158;0,0368685849846368;0,114244045330602;0,102220270120897
75;0,0641032104309235;0,222360084197226;0,0767253647486992;0,0532986301409038;0,0380577043540122;0,0487943928137067;0,0446359910174931;0,0174193026588839;0,0389257972933456;0,0106071603930603;0,119767952480223;0,103350854427322;0,0240652011777487;0,0925273601403717;0,0852951190606875
76;0,0503013568816575;0,120532097102657;0,0549378995976668;0,0273388499174322;0,0283990064848555;0,0380190006706191;0,0317911012067682;0,010715682525487;0,0238361183455579;0,00894362887790507;0,0934052486074571;0,0782643495065826;0,0149473758256238;0,0704317377062206;0,0637938747344235
77;0,0359428533178404;0,0550159565608614;0,0394301262050485;0,0120014696292011;0,0196583123824705;0,0281449369131464;0,0211336058469683;0,00851105302287377;0,0153546278106205;0,0105871595766197;0,0645302233738445;0,0557736091631673;0,00965135586269663;0,0674832562587297;0,0576626379283532
78;0,0242588173314289;0,0257928334053619;0,0276580195623061;0,00511048040638695;0,0135898249924605;0,0198986562203684;0,0134018549115547;0,00464220842689108;0,0079648202203552;0,00919063293221707;0,044542227085298;0,0384739529470342;0,00566631012256648;0,0516821059822073;0,0427187113765407
79;0,0160768650360934;0,0183072921907925;0,0179417129047509;-0,00395547798157796;0,00822927828572453;0,0146887312144832;0,00890563720799157;0,00429831957838767;0,0078723806726752;0,00652384801941973;0,0303052297285537;0,0273580884151914;0,00406312799862416;0,0287928079808768;0,0214758500090437
80;0,0102150863272189;0,0082906041344;0,0162146669967701;-0,0060386735583888;0,00531846363315307;0,0106384843637639;0,00708623310265085;0,001324650767128;0,00582567701383253;0,0044874090081954;0,0188064165415189;0,0195808482612461;0,00279004702851947;0,0159874639031808;0,00992226411047487
81;0,00608178380977573;0,00940089345087147;0,0206125845341184;-0,00692060945503084;0,00343565122291657;0,007158849543254;0,00595298128588068;0,001870420188506;0,005612434673328;0,006655189515808;0,0113454723800625;0,0140700776771307;0,0018294924943596;0,0140013595925547;0,00810267656403333
82;0,0043247563333964;-0,00127535214908587;0,0171642136344491;-0,00829872963964747;0,002352471447396;0,00512782953849827;0,00433971745922213;0,000481086590687467;0,003909214457408;0,00592576725446187;0,00431157250211363;0,0102468421422103;0,00247155712480533;0,0233517084804699;0,0188935982392859
83;0,0033140466233484;-0,00388918126708053;0,0158064405373099;-0,00332946089388992;0,00175497692300133;0,00346823564728807;0,00392945968107648;0,0008482290280492;0,00322835047402667;0,00454528360221627;0,00541475299507639;0,0046289875546892;0,0022906928231964;0,0174462791824323;0,0149224111841091
84;0,00257126280584693;0,000203788802594133;0,012967326877952;-0,0022179243746304;0,0012750035775564;0,00248961751559227;0,00341325191251946;0,0016934158567544;0,00312017745242133;0,00411581661440587;0,00416082192287333;0,00182970669182293;0,00187098768820617;0,0113398498316325;0,0123952867967434
85;0,0019354626128038;0,0011765709879296;0,0118052340142933;-0,000494557992848167;0,000837710508048267;0,00166639746241573;0,00294812715000464;0,00239700179595253;0,00272771020756053;0,00341708071386773;0,00300975589183769;0,000338735533731267;0,0015051987098552;0,0065882454110416;0,0043080899242896
86;0,0014428548505136;0,00234531410077013;0,0091586291183616;0,00055053377132732;0,000489199705941333;0,00104861780828373;0,00211858033636785;0,00307282885682987;0,00250300155452587;0,00342282936038933;0,00185479371959947;-0,00211304025698307;0,0007279265078729;-0,004143376046964;-0,006414854975621
87;0,000968467293832533;0,00166819890384213;0,00644307752085333;0,000928382449191793;0,0002495116425616;0,000545837587044533;0,00134472789949813;0,0027823489925636;0,00236434643135787;0,00341868388273493;0,000937148688375378;-0,0045412849114578;0,000872417989650883;0,0033294969542208;0,00356027726794453
88;0,000498623668474133;0,0024809450698752;0,0034154437594112;0,00086334494264672;0,0001069433908764;0,000253307518094667;0,000673950658731067;0,001829237526544;0,00245390883730773;0,00262953851199573;0,000412317418033778;-0,00369163062519587;0,0008910858648048;-0,0004788791884;0,000375176769710933
89;0,000128340346538667;0,000730696397892267;0,001155436437504;0,000622103465074347;2,60264950954667e-05;6,87295216469333e-05;0,000276156543568969;0,00141912488024853;0,0015536335707264;0,0013416088171264;0,000119439819815111;-0,0020331195062464;-0,000135740039882267;0,000300399972736;0,0001562964201024
